particle,particle_symbol,theory_E,E_min,E_mean,E_max,delta_i,counts,delta_i_percent,i4,i3,i2,i1,i0,i_minus_1,C
e,e,1.00000000000,0.99577371714,0.99577371714,0.99577371714,1,5561,0.01798,0.0,0.0,0.0,0.5,-2.5,0.5,-0.5
e,e,1.00000000000,0.99881712093,0.99881712093,0.99881712093,1,10628,0.00941,0.0,0.0,0.5,2.5,3.0,0.0,0.0
u,u,4.18,3.68,4.4,5.13,40,443,9.02935,0.0,0.0,-0.5,-3.0,-2.5,-0.5,-1.0
u,u,4.18,3.67,4.4,5.13,-144,5561,2.58946,0.0,0.0,0.0,-1.5,2.0,-1.5,1.0
u,u,4.18,3.67,4.4,5.13,-419,10628,3.94242,0.0,0.0,0.5,2.5,-1.5,2.5,0.0
d,d,9.14,8.81,9.44,10.0,-833,5561,14.97932,0.0,0.0,0.0,-1.0,-2.0,-0.5,-0.5
d,d,9.14,8.82,9.44,10.0,1452,10628,13.66202,0.0,0.0,0.5,2.0,0.5,0.0,-1.0
s,s,182.8,176.2,185.6,195.1,-4084,65910,6.19633,0.0,1.0,-2.0,-3.0,-3.0,-3.0,-1.0
s,s,182.8,176.2,187.9,199.5,-5582,10985,50.81475,0.0,1.0,-1.5,-1.5,0.5,-1.0,-0.5
s,s,182.8,176.2,187.8,199.5,60547,10985,551.17888,0.0,1.0,-1.0,1.5,-0.5,0.5,0.0
s,s,182.8,176.2,187.9,199.5,-5694,10985,51.83432,0.0,0.5,1.5,-2.0,-2.5,2.5,-0.5
s,s,182.8,178.1,188.8,199.5,-5384,65910,8.16871,0.0,0.5,2.0,0.0,1.0,-2.5,1.0
Muon,muon,206.7682827,206.7682831,206.7682831,206.7682831,1,10985,0.0091,0.0,1.0,-1.0,1.0,-1.0,0.0,-1.0
Pion 0,$u\overline{d}-\overline{u}d$,264.1430,264.1432,264.1433,264.1434,-1665,65910,2.52617,0.0,1.0,0.0,-2.5,-3.0,0.5,1.0
Pion +-,"$u\overline{u},\overline{d}d$",273.13243,273.13249,273.13254,273.13259,-832,10985,7.57396,0.0,1.0,1.0,2.5,-3.0,2.5,0.5
K +-,"$u\overline{s},s\overline{u}$",966.102,966.081,966.1,966.119,877,65910,1.3306,0.5,1.0,-2.0,-2.5,-1.0,3.0,-1.0
K +-,"$u\overline{s},s\overline{u}$",966.102,966.081,966.101,966.121,-1205,10985,10.9695,0.5,1.0,-1.5,0.0,-1.0,3.0,1.0
K +-,"$u\overline{s},s\overline{u}$",966.102,966.086,966.099,966.113,-65228,10985,593.79153,0.5,0.5,1.0,-3.0,-1.0,-0.5,-1.0
K +-,"$u\overline{s},s\overline{u}$",966.102,966.082,966.102,966.122,354,10985,3.22258,0.5,0.5,1.5,-0.5,0.0,-3.0,0.0
K +-,"$u\overline{s},s\overline{u}$",966.102,966.081,966.101,966.121,685,65910,1.0393,0.5,0.5,2.0,3.0,-1.0,0.0,-0.5
KL 0,"$d\overline{s},s\overline{d}$  ",973.800,973.816,973.816,973.816,1,65910,0.00152,0.5,1.0,-2.0,-3.0,-2.5,-3.0,-0.5
KL 0,"$d\overline{s},s\overline{d}$  ",973.800,973.775,973.8,973.825,-483,10985,4.3969,0.5,1.0,-1.5,-0.5,-1.5,1.0,-0.5
KL 0,"$d\overline{s},s\overline{d}$  ",973.800,973.777,973.8,973.823,-763,10985,6.94584,0.5,1.0,-1.0,2.0,0.5,2.0,0.0
KL 0,"$d\overline{s},s\overline{d}$  ",973.800,973.776,973.797,973.818,-4,10985,0.03641,0.5,0.5,1.5,-2.5,2.0,-1.5,1.0
KL 0,"$d\overline{s},s\overline{d}$  ",973.800,973.787,973.806,973.824,-1426,65910,2.16356,0.5,0.5,2.0,1.0,-0.5,2.0,1.0
KS 0,"$d\overline{s},s\overline{d}$",973.800,973.816,973.816,973.816,1,65910,0.00152,0.5,1.0,-2.0,-3.0,-2.5,-3.0,-0.5
KS 0,"$d\overline{s},s\overline{d}$",973.800,973.775,973.8,973.825,-483,10985,4.3969,0.5,1.0,-1.5,-0.5,-1.5,1.0,-0.5
KS 0,"$d\overline{s},s\overline{d}$",973.800,973.777,973.8,973.823,-763,10985,6.94584,0.5,1.0,-1.0,2.0,0.5,2.0,0.0
KS 0,"$d\overline{s},s\overline{d}$",973.800,973.776,973.797,973.818,-4,10985,0.03641,0.5,0.5,1.5,-2.5,2.0,-1.5,1.0
KS 0,"$d\overline{s},s\overline{d}$",973.800,973.787,973.806,973.824,-1426,65910,2.16356,0.5,0.5,2.0,1.0,-0.5,2.0,1.0
Eta,$u\overline{u}+\overline{d}d-2s\overline{s}$,1072.139,1072.11,1072.125,1072.141,-29,10985,0.264,0.5,1.0,0.5,-3.0,-3.0,1.5,-1.0
Eta,$u\overline{u}+\overline{d}d-2s\overline{s}$,1072.139,1072.105,1072.136,1072.168,-238,10985,2.16659,0.5,1.0,1.0,-0.5,-2.5,2.5,0.0
Eta,$u\overline{u}+\overline{d}d-2s\overline{s}$,1072.139,1072.105,1072.138,1072.171,354,10985,3.22258,0.5,1.0,1.5,2.5,0.0,2.5,-0.5
Rho +-,"$u\overline{u},\overline{d}d$",1506,1505.0,1505.0,1505.0,-39,65910,0.05917,1.0,0.0,-2.0,-3.0,-3.0,-3.0,-1.0
Rho +-,"$u\overline{u},\overline{d}d$",1506,1505.0,1506.0,1506.0,64,10985,0.58261,1.0,0.0,-1.5,-1.5,2.0,-2.5,0.0
Rho +-,"$u\overline{u},\overline{d}d$",1506,1505.0,1506.0,1506.0,609,10985,5.54392,1.0,0.0,-1.0,2.5,-0.5,2.0,-1.0
Rho +-,"$u\overline{u},\overline{d}d$",1506,1505.0,1505.0,1506.0,22,10985,0.20027,1.0,-0.5,1.5,-2.0,-3.0,-2.5,1.0
Rho +-,"$u\overline{u},\overline{d}d$",1506,1505.0,1506.0,1506.0,-1455,65910,2.20756,1.0,-0.5,2.0,1.0,-2.5,3.0,1.0
Rho 0,$u\overline{u}-\overline{d}d$,1517.14,1516.66,1517.14,1517.61,1482,10985,13.49112,1.0,0.0,-1.5,-2.0,-2.5,2.5,-1.0
Rho 0,$u\overline{u}-\overline{d}d$,1517.14,1516.65,1517.14,1517.62,-562,10985,5.11607,1.0,0.0,-1.0,0.5,-2.0,2.5,0.0
Rho 0,$u\overline{u}-\overline{d}d$,1517.14,1516.67,1517.15,1517.62,85,10985,0.77378,1.0,0.0,-0.5,3.0,1.5,-3.0,0.5
Rho 0,$u\overline{u}-\overline{d}d$,1517.14,1516.65,1517.14,1517.62,-380,65910,0.57654,1.0,-0.5,2.0,-0.5,2.5,-1.5,-1.0
Omega,$u\overline{u}+\overline{d}d$,1531.62,1531.37,1531.61,1531.86,-94,10985,0.85571,1.0,0.0,-1.0,-2.0,-1.5,0.5,0.5
Omega,$u\overline{u}+\overline{d}d$,1531.62,1531.37,1531.61,1531.86,-2180,10985,19.84524,1.0,0.0,-0.5,0.5,1.0,1.5,1.0
Omega,$u\overline{u}+\overline{d}d$,1531.62,1531.37,1531.62,1531.86,-293,65910,0.44455,1.0,-0.5,2.0,-2.5,-2.5,-3.0,0.0
K* +-,"$d\overline{s},s\overline{d}$",1745.2,1745.1,1745.2,1745.2,-1417,65910,2.1499,1.0,1.0,-2.0,-3.0,0.0,-0.5,0.5
K* +-,"$d\overline{s},s\overline{d}$",1745.2,1745.1,1745.1,1745.2,253,10985,2.30314,1.0,1.0,-1.5,0.5,-2.0,-2.5,1.0
K* +-,"$d\overline{s},s\overline{d}$",1745.2,1745.1,1745.1,1745.2,65493,10985,596.20391,1.0,1.0,-1.0,3.0,2.5,1.0,0.0
K* +-,"$d\overline{s},s\overline{d}$",1745.2,1745.1,1745.1,1745.2,-459,10985,4.17843,1.0,0.5,1.5,-1.0,0.5,-3.0,1.0
K* +-,"$d\overline{s},s\overline{d}$",1745.2,1745.1,1745.1,1745.2,1179,65910,1.7888,1.0,0.5,2.0,3.0,-2.5,-2.0,0.0
K* 0,"$d\overline{s},s\overline{d}$",1752.6,1752.5,1752.6,1752.6,-198,65910,0.30041,1.0,1.0,-2.0,-3.0,-2.5,-2.5,-0.5
K* 0,"$d\overline{s},s\overline{d}$",1752.6,1752.5,1752.6,1752.6,113,10985,1.02868,1.0,1.0,-1.5,-0.5,-2.5,0.5,0.0
K* 0,"$d\overline{s},s\overline{d}$",1752.6,1752.5,1752.6,1752.6,106,10985,0.96495,1.0,1.0,-1.0,3.0,-2.0,-1.5,-0.5
K* 0,"$d\overline{s},s\overline{d}$",1752.6,1752.5,1752.6,1752.6,-787,10985,7.16431,1.0,0.5,1.5,-2.0,-1.0,1.5,1.0
K* 0,"$d\overline{s},s\overline{d}$",1752.6,1752.5,1752.5,1752.6,-847,65910,1.28509,1.0,0.5,2.0,1.5,-2.0,2.5,0.5
Proton,uud,1836.152673426,1836.152673408,1836.152673408,1836.152673408,1,10985,0.0091,1.0,1.0,1.0,1.0,1.0,1.0,1.0
H,H,1837.47,1837.18,1837.42,1837.66,-208,10985,1.89349,1.0,1.0,0.5,-2.0,-1.5,1.5,1.0
H,H,1837.47,1837.18,1837.42,1837.66,1577,10985,14.35594,1.0,1.0,1.0,2.0,-1.0,2.5,-1.0
Neutron,udd,1838.68366200,1838.68366244,1838.68366244,1838.68366244,1,10985,0.0091,1.0,1.0,1.0,1.0,1.0,1.0,0.0
Eta`,$u\overline{u}+\overline{d}d+s\overline{s}$,1874.32,1874.21,1874.32,1874.42,854,10985,7.77424,1.0,1.0,1.5,-0.5,-2.0,-0.5,-1.0
Eta`,$u\overline{u}+\overline{d}d+s\overline{s}$,1874.32,1874.21,1874.31,1874.42,744,10985,6.77287,1.0,1.0,2.0,2.0,-1.5,1.0,0.0
