sector,particle_key,particle_name,symbol,theory_str,theory_E,sd_minus,sd_plus,m_bin,E_mean,E_min,E_max,i_T_min,i_T_max,delta_i,counts,delta_i_over_counts,min_i4,min_i3,min_i2,min_i1,min_i0,min_i_minus_1,min_C,max_i4,max_i3,max_i2,max_i1,max_i0,max_i_minus_1,max_C
broad,electron,e,e,1.00000000000(31),1.0,-0.005,0.0,256,0.9957737171482317,0.9957737171482317,0.9957737171482317,5895,5895,1,5455,0.00018331805682859762,0,0,0,1,-5,1,-1,0,0,0,1,-5,1,-1
broad,u,u,u,4.18(-0.51)(0.96),4.18,-0.51,0.96,255,4.402534530132434,3.674696401671524,5.130372658593344,2,199,198,199,0.9949748743718593,0,0,-1,-6,-6,2,-1,0,0,-1,-6,-5,-1,-2
broad,u,u,u,4.18(-0.51)(0.96),4.18,-0.51,0.96,256,4.403896410454309,3.6752701819292466,5.132522638979371,3615,5852,2238,5412,0.41352549889135254,0,0,0,-3,6,0,2,0,0,0,-3,4,-3,2
broad,u,u,u,4.18(-0.51)(0.96),4.18,-0.51,0.96,257,4.406234848339189,3.6742283159069755,5.138241380771403,14355,16511,2157,10511,0.2052135857672914,0,0,1,5,0,4,0,0,0,1,6,-1,-4,-2
broad,d,d,d,9.14(-0.33)(0.94),9.14,-0.33,0.94,256,9.446959686902543,8.81421275279558,10.079706621009507,2100,4811,2712,4371,0.6204529855868223,0,0,0,-1,-4,-3,-2,0,0,0,-2,-4,-1,-1
broad,d,d,d,9.14(-0.33)(0.94),9.14,-0.33,0.94,257,9.448984785003601,8.818029974536454,10.079939595470748,13275,15561,2287,9561,0.23920092040581528,0,0,1,2,5,-5,2,0,0,1,4,2,-6,-2
broad,s,s,s,182.8(-6.6)(16.8),182.8,-6.6,16.8,260,185.65948334875074,176.2004100838147,195.1185566136868,148446,153651,5206,27176,0.19156608772446276,0,2,-4,-2,-3,-6,1,0,2,-4,-6,-6,-6,-2
broad,s,s,s,182.8(-6.6)(16.8),182.8,-6.6,16.8,261,187.90267299773006,176.20608385164104,199.5992621438191,160960,169656,8697,21211,0.41002310122106456,0,2,-3,6,-6,5,-2,0,2,-3,-5,4,0,2
broad,s,s,s,182.8(-6.6)(16.8),182.8,-6.6,16.8,262,187.9024437781594,176.20493535983533,199.59995219648349,115491,181400,65910,21970,3.0,0,1,2,-5,0,4,2,0,2,-2,3,-5,-5,2
broad,s,s,s,182.8(-6.6)(16.8),182.8,-6.6,16.8,263,187.90185616695425,176.20470182618197,199.59901050772655,126865,135076,8212,8601,0.9547727008487386,0,1,3,4,-4,-2,-2,0,1,3,-6,4,6,0
broad,s,s,s,182.8(-6.6)(16.8),182.8,-6.6,16.8,264,188.86482051419705,178.13169684444708,199.59794418394705,143040,148445,5406,10985,0.4921256258534365,0,1,4,6,6,6,2,0,1,4,1,-2,-1,1
broad,muon,Muon,μ,206.7682827(46),206.7682827,-4.6e-06,4.6e-06,,,,,,,,,,,,,,,,,,,,,,,,
broad,pion_0,Pion 0,π0,264.1430(9),264.143,-0.0009,0.0009,264,264.1424864422173,264.14238391292224,264.14258897151234,193270,194936,1667,13536,0.123153073286052,0,2,0,-3,-6,-3,-2,0,2,0,-5,-6,1,2
broad,pion_0,Pion 0,π0,264.1430(9),264.143,-0.0009,0.0009,265,264.1423717559723,264.1423717559723,264.1423717559723,210666,210666,1,7296,0.00013706140350877192,0,2,1,2,2,-3,-2,0,2,1,2,2,-3,-2
broad,pion_pm,Pion +-,π±,273.13243(35),273.13243,-0.00035,0.00035,,,,,,,,,,,,,,,,,,,,,,,,
broad,k_pm,K +-,K±,966.102(21),966.102,-0.021,0.021,292,966.0999966290743,966.081079008319,966.1189142498297,642954,644542,1589,23742,0.06692780726139332,1,2,-4,-4,-5,-3,-1,1,2,-4,-6,-1,-3,2
broad,k_pm,K +-,K±,966.102(21),966.102,-0.021,0.021,293,966.0992109826238,966.0811914061744,966.1172305590732,658785,660976,2192,18206,0.12039986817532682,1,2,-3,1,-4,-6,2,1,2,-3,1,-6,1,1
broad,k_pm,K +-,K±,966.102(21),966.102,-0.021,0.021,294,966.1022001462877,966.0829635575008,966.1214367350747,610061,675325,65265,21570,3.025730180806676,1,1,2,-6,-3,4,-2,1,2,-2,6,0,4,2
broad,k_pm,K +-,K±,966.102(21),966.102,-0.021,0.021,295,966.0992755307782,966.0821217032841,966.1164293582723,624155,626281,2127,5481,0.3880678708264915,1,1,3,-1,0,-6,0,1,1,3,-1,-1,0,0
broad,k_pm,K +-,K±,966.102(21),966.102,-0.021,0.021,296,966.1013939793429,966.0810556656921,966.1217322929936,640790,642406,1617,10621,0.1522455512663591,1,1,4,6,-2,0,-1,1,1,4,5,4,-4,-1
broad,kl_0,KL 0,K_L0,973.800(26),973.8,-0.026,0.026,292,973.7808101247424,973.7768130018923,973.7848072475927,642796,643031,236,22231,0.01061580675633125,1,2,-4,-6,-2,-6,-2,1,2,-4,-6,-6,-1,-2
broad,kl_0,KL 0,K_L0,973.800(26),973.8,-0.026,0.026,293,973.7974524565582,973.7753367397659,973.8195681733505,656220,658966,2747,16196,0.16960978019264017,1,2,-3,-2,2,-6,1,1,2,-3,-3,5,3,0
broad,kl_0,KL 0,K_L0,973.800(26),973.8,-0.026,0.026,294,973.8002177243047,973.7752494235715,973.8251860250381,673315,674706,1392,20951,0.06644074268531334,1,2,-2,5,-6,-6,2,1,2,-2,5,-5,-3,1
broad,kl_0,KL 0,K_L0,973.800(26),973.8,-0.026,0.026,295,973.8039531210568,973.7820935044547,973.8258127376589,622280,624361,2082,3561,0.5846672283066554,1,1,3,-4,2,1,0,1,1,3,-5,6,-3,1
broad,kl_0,KL 0,K_L0,973.800(26),973.8,-0.026,0.026,296,973.8004686111447,973.7750217601374,973.8259154621519,638455,640541,2087,8756,0.23835084513476473,1,1,4,3,-5,1,1,1,1,4,2,-1,-5,2
broad,ks_0,KS 0,K_S0,973.800(26),973.8,-0.026,0.026,292,973.7808101247424,973.7768130018923,973.7848072475927,642796,643031,236,22231,0.01061580675633125,1,2,-4,-6,-2,-6,-2,1,2,-4,-6,-6,-1,-2
broad,ks_0,KS 0,K_S0,973.800(26),973.8,-0.026,0.026,293,973.7974524565582,973.7753367397659,973.8195681733505,656220,658966,2747,16196,0.16960978019264017,1,2,-3,-2,2,-6,1,1,2,-3,-3,5,3,0
broad,ks_0,KS 0,K_S0,973.800(26),973.8,-0.026,0.026,294,973.8002177243047,973.7752494235715,973.8251860250381,673315,674706,1392,20951,0.06644074268531334,1,2,-2,5,-6,-6,2,1,2,-2,5,-5,-3,1
broad,ks_0,KS 0,K_S0,973.800(26),973.8,-0.026,0.026,295,973.8039531210568,973.7820935044547,973.8258127376589,622280,624361,2082,3561,0.5846672283066554,1,1,3,-4,2,1,0,1,1,3,-5,6,-3,1
broad,ks_0,KS 0,K_S0,973.800(26),973.8,-0.026,0.026,296,973.8004686111447,973.7750217601374,973.8259154621519,638455,640541,2087,8756,0.23835084513476473,1,1,4,3,-5,1,1,1,1,4,2,-1,-5,2
broad,eta,Eta,η,1072.139(35),1072.139,-0.035,0.035,297,1072.1498756068252,1072.1498756068252,1072.1498756068252,697721,697721,1,26,0.038461538461538464,1,2,1,-6,-6,-1,-2,1,2,1,-6,-6,-1,-2
broad,eta,Eta,η,1072.139(35),1072.139,-0.035,0.035,298,1072.1414648446328,1072.109383806433,1072.1735458828325,711795,713946,2152,5266,0.4086593239650589,1,2,2,-2,1,4,0,1,2,2,-1,2,-1,-2
broad,eta,Eta,η,1072.139(35),1072.139,-0.035,0.035,299,1072.1411960330047,1072.1133917959917,1072.169000270018,727975,730066,2092,10401,0.2011345062974714,1,2,3,5,-3,-1,0,1,2,3,4,1,0,1
broad,rho_pm,Rho +-,ρ±,1506(1),1506.0,-1.0,1.0,316,1505.334763374371,1505.0562422239602,1505.6132845247819,939366,939431,66,22036,0.0029950989290252316,2,0,-4,-6,-6,1,-2,2,0,-4,-6,-6,-6,-2
broad,rho_pm,Rho +-,ρ±,1506(1),1506.0,-1.0,1.0,317,1506.000956147701,1505.0023755229008,1506.9995367725007,952725,955686,2962,16321,0.181483977697445,2,0,-3,-1,-1,-4,-1,2,0,-3,-1,-3,6,-2
broad,rho_pm,Rho +-,ρ±,1506(1),1506.0,-1.0,1.0,318,1506.005447021284,1505.0117454146969,1506.9991486278711,968910,971741,2832,21391,0.13239212753026974,2,0,-2,4,2,5,0,2,0,-2,3,3,-3,1
broad,rho_pm,Rho +-,ρ±,1506(1),1506.0,-1.0,1.0,319,1505.9995101712848,1505.0029575419153,1506.9960628006543,918185,920956,2772,3561,0.7784330244313395,2,-1,3,-4,5,6,-1,2,-1,3,-4,-4,-5,1
broad,rho_pm,Rho +-,ρ±,1506(1),1506.0,-1.0,1.0,320,1505.9953450039382,1505.0030886581305,1506.9876013497458,934795,937136,2342,8756,0.26747373229785293,2,-1,4,4,-2,3,-2,2,-1,4,3,-3,1,-1
broad,rho_0,Rho 0,ρ0,1517.14(49),1517.14,-0.49,0.49,317,1517.140668769915,1516.651976849437,1517.629360690393,950515,952436,1922,13071,0.14704307245046286,2,0,-3,-5,1,-6,-1,2,0,-3,-6,-2,4,1
broad,rho_0,Rho 0,ρ0,1517.14(49),1517.14,-0.49,0.49,318,1517.1397773428614,1516.6536099996745,1517.6259446860483,966210,968941,2732,18591,0.14695282663654458,2,0,-2,0,0,-2,2,2,0,-2,2,-2,-5,-2
broad,rho_0,Rho 0,ρ0,1517.14(49),1517.14,-0.49,0.49,319,1517.1405012515843,1516.6541103320644,1517.6268921711044,917397,983283,65887,21948,3.001959176234737,2,0,-1,6,1,0,2,2,0,-1,6,4,3,0
broad,rho_0,Rho 0,ρ0,1517.14(49),1517.14,-0.49,0.49,320,1517.1380036423998,1516.6576109910459,1517.618396293754,931670,934326,2657,5946,0.4468550285906492,2,-1,4,-1,3,-3,-1,2,-1,4,-2,1,4,1
broad,omega,Omega,ω,1531.62(25),1531.62,-0.25,0.25,318,1531.6199548378754,1531.3705184039534,1531.8693912717972,962175,964806,2632,14456,0.18206972883231876,2,0,-2,-4,-5,4,2,2,0,-2,-5,5,3,0
broad,omega,Omega,ω,1531.62(25),1531.62,-0.25,0.25,319,1531.6220917207975,1531.3749473596392,1531.8692360819555,978790,980981,2192,19646,0.11157487529268044,2,0,-1,2,-2,-5,2,2,0,-1,3,-4,-6,0
broad,omega,Omega,ω,1531.62(25),1531.62,-0.25,0.25,320,1531.618611019542,1531.3713284450416,1531.8658935940423,928515,930231,1717,1851,0.9276066990815776,2,-1,4,-4,-4,-5,-2,2,-1,4,-5,-2,0,-1
broad,kstar_pm,K* +-,K*±,1745.2(1),1745.2,-0.1,0.1,324,1745.1998138211293,1745.1014098420694,1745.298217800189,1137150,1139696,2547,24571,0.10365878474624557,2,2,-4,-5,1,-2,-1,2,2,-4,-6,-4,1,2
broad,kstar_pm,K* +-,K*±,1745.2(1),1745.2,-0.1,0.1,325,1745.2001941486,1745.1017163953607,1745.2986719018397,1152885,1155756,2872,18661,0.1539038636729007,2,2,-3,1,-2,5,-1,2,2,-3,0,2,-3,1
broad,kstar_pm,K* +-,K*±,1745.2(1),1745.2,-0.1,0.1,326,1745.211776724421,1745.1263817600386,1745.2971716888035,1104182,1170047,65866,21967,2.9984067009605315,2,1,2,-6,-5,-5,-1,2,2,-2,6,6,6,-1
broad,kstar_pm,K* +-,K*±,1745.2(1),1745.2,-0.1,0.1,327,1745.2022540655635,1745.1062738820197,1745.2982342491075,1118495,1120651,2157,5526,0.39033659066232357,2,1,3,-2,5,5,0,2,1,3,-2,2,6,1
broad,kstar_pm,K* +-,K*±,1745.2(1),1745.2,-0.1,0.1,328,1745.2002720723576,1745.1052538123856,1745.2952903323294,1135095,1136766,1672,10656,0.1569069069069069,2,1,4,5,4,6,-1,2,1,4,6,1,2,-2
broad,kstar_0,K* 0,K*0,1752.6(1),1752.6,-0.1,0.1,324,1752.593004649325,1752.5343062132174,1752.6517030854325,1137107,1137421,315,22296,0.014128094725511303,2,2,-4,-6,-6,-4,-1,2,2,-4,-6,-2,-5,-2
broad,kstar_0,K* 0,K*0,1752.6(1),1752.6,-0.1,0.1,325,1752.598699098794,1752.5009161562505,1752.6964820413373,1150610,1153356,2747,16261,0.16893180001229938,2,2,-3,-3,6,0,1,2,2,-3,0,-4,1,-2
broad,kstar_0,K* 0,K*0,1752.6(1),1752.6,-0.1,0.1,326,1752.6026057899794,1752.5052404952582,1752.6999710847006,1167305,1169546,2242,21466,0.10444423739867698,2,2,-2,4,2,-2,1,2,2,-2,6,-5,-2,-1
broad,kstar_0,K* 0,K*0,1752.6(1),1752.6,-0.1,0.1,327,1752.5978826751666,1752.5018400211723,1752.6939253291612,1116660,1118756,2097,3631,0.5775268521068576,2,1,3,-3,0,5,-1,2,1,3,-2,-6,-4,-1
broad,kstar_0,K* 0,K*0,1752.6(1),1752.6,-0.1,0.1,328,1752.6010060121407,1752.5034929911262,1752.6985190331552,1132825,1134971,2147,8861,0.2422977090621826,2,1,4,3,2,2,-1,2,1,4,3,-2,5,0
broad,proton,Proton,p,1836.152673426(32),1836.152673426,-3.2e-08,3.2e-08,,,,,,,,,,,,,,,,,,,,,,,,
broad,h_atom,H,H,1837.47(-0.29)(0.20),1837.47,-0.29,0.2,329,1837.4281428157185,1837.1878893693909,1837.6683962620461,1193495,1195661,2167,3641,0.595166163141994,2,2,1,-5,6,5,1,2,2,1,-3,2,4,-2
broad,h_atom,H,H,1837.47(-0.29)(0.20),1837.47,-0.29,0.2,330,1837.4221665344733,1837.1801891911161,1837.6641438778304,1209675,1211856,2182,8851,0.24652581629194442,2,2,2,4,-4,-4,-1,2,2,2,3,4,3,-2
broad,neutron,Neutron,n,1838.68366200(74),1838.683662,-7.4e-07,7.4e-07,,,,,,,,,,,,,,,,,,,,,,,,
broad,eta_prime,Eta`,η′,1874.32(11),1874.32,-0.11,0.11,331,1874.319579261762,1874.2105600722366,1874.4285984512876,1216255,1218376,2122,4386,0.483812129502964,2,2,3,-1,-4,-2,-2,2,2,3,-2,-2,3,-1
broad,eta_prime,Eta`,η′,1874.32(11),1874.32,-0.11,0.11,332,1874.3204788065982,1874.211977358269,1874.4289802549276,1232430,1234561,2132,9586,0.222407677863551,2,2,4,5,-6,3,-1,2,2,4,4,-6,1,1
broad,phi,Phi,φ,1995.035(31),1995.035,-0.031,0.031,,,,,,,,,,,,,,,,,,,,,,,,
broad,c,c,c,2485(-39)(39),2485.0,-39.0,39.0,,,,,,,,,,,,,,,,,,,,,,,,
broad,tau,Tau,τ,3477.23(23),3477.23,-0.23,0.23,,,,,,,,,,,,,,,,,,,,,,,,
